{
    "age": 29,
    "region": {
        "x": 472,
        "y": 128,
        "w": 278,
        "h": 278
    },
    "gender": "Man",
    "race": {
        "asian": 99.99988079071045,
        "indian": 3.0517451676814744e-06,
        "black": 3.19168492633401e-11,
        "white": 2.058002763760669e-05,
        "middle eastern": 5.579477309856917e-11,
        "latino hispanic": 9.980198001358076e-05
    },
    "dominant_race": "asian",
    "emotion": {
        "angry": 14.908890426158905,
        "disgust": 2.4018206867815195e-08,
        "fear": 1.080087572336197,
        "happy": 3.4849072960696503e-06,
        "sad": 17.03191250562668,
        "surprise": 0.00010622136414895067,
        "neutral": 66.9789969921112
    },
    "dominant_emotion": "neutral"
}