{
    "age": 26,
    "region": {
        "x": 160,
        "y": 164,
        "w": 278,
        "h": 278
    },
    "gender": "Man",
    "race": {
        "asian": 99.95862842099328,
        "indian": 0.0027333603081688106,
        "black": 3.2398557749093005e-07,
        "white": 0.0015225225983521505,
        "middle eastern": 3.279334412780331e-07,
        "latino hispanic": 0.0371102053903916
    },
    "dominant_race": "asian",
    "emotion": {
        "angry": 14.724332094192505,
        "disgust": 0.0006412464244931471,
        "fear": 5.399139225482941,
        "happy": 0.24549509398639202,
        "sad": 17.328058183193207,
        "surprise": 0.016344479809049517,
        "neutral": 62.28598952293396
    },
    "dominant_emotion": "neutral"
}